"id","name","party","type","r_2008","r_2010","r_2012","r_2014","r_2016","r_total"
"N00000078","Maloney, Carolyn B (D-NY)","d","House","40500","43100","12500","2500","0","98600"
"N00029077","Jenkins, Lynn (R-KS)","r","House","34750","22250","41300","30800","28900","158000"
"N00005233","Moore, Dennis (D-KS)","d","House","31919","8500","0","0","0","40419"
"N00024862","Davis, Geoff (R-KY)","r","House","29000","0","0","0","0","29000"
"N00025692","Meek, Kendrick B (D-FL)","d","House","28850","72800","0","0","0","101650"
"N00008091","Bachus, Spencer (R-AL)","r","House","27300","17000","29500","2500","0","76300"
"N00004874","Gutierrez, Luis V (D-IL)","d","House","27300","2800","0","0","0","30100"
"N00000275","Frank, Barney (D-MA)","d","House","22300","18000","11000","0","0","51300"
"N00001509","Kanjorski, Paul E (D-PA)","d","House","18100","25500","0","0","0","43600"
"N00024871","Scott, David (D-GA)","d","House","17300","8000","4000","3000","17000","49300"
"N00004887","Rush, Bobby L (D-IL)","d","House","16500","10250","1800","0","0","28550"
"N00009571","Ross, Mike (D-AR)","d","House","15300","21000","0","0","0","36300"
"N00003561","Jones, Stephanie Tubbs (D-OH)","d","House","15000","0","0","0","0","15000"
"N00027804","Mahoney, Tim (D-FL)","d","House","14100","0","0","0","0","14100"
"N00027523","Sires, Albio (D-NJ)","d","House","14100","15000","9000","1000","0","39100"
"N00024851","Feeney, Tom (R-FL)","r","House","13800","0","0","0","0","13800"
"N00005681","Sessions, Pete (R-TX)","r","House","13100","10400","19150","21080","6700","70430"
"N00029151","Barnes, Kay (D-MO)","d","House","12500","0","0","0","0","12500"
"N00001082","Towns, Edolphus (D-NY)","d","House","12000","16000","250","0","0","28250"
"N00027515","Klein, Ron (D-FL)","d","House","11800","27400","0","0","0","39200"
"N00001821","Hoyer, Steny H (D-MD)","d","House","11600","0","0","0","0","11600"
"N00001171","Meeks, Gregory W (D-NY)","d","House","11000","15000","35500","34250","10000","105750"
"N00027655","Shuler, Heath (D-NC)","d","House","11000","53000","4000","0","0","68000"
"N00024875","Bean, Melissa (D-IL)","d","House","10300","2500","0","0","0","12800"
"N00024922","Hensarling, Jeb (R-TX)","r","House","10300","20600","20250","68000","15300","134450"
"N00002674","Bishop, Sanford (D-GA)","d","House","10200","0","0","0","0","10200"
"N00026080","Barrow, John (D-GA)","d","House","10000","1000","1000","500","0","12500"
"N00026106","Schultz, Debbie Wasserman (D-FL)","d","House","10000","28000","12500","5000","5100","60600"
"N00003675","Boehner, John (R-OH)","r","House","9800","7000","10000","2600","2500","31900"
"N00003875","Hill, Baron (D-IN)","d","House","9600","10000","0","0","0","19600"
"N00009818","Berkley, Shelley (D-NV)","d","House","9200","0","0","0","0","9200"
"N00001849","Wynn, Albert R (D-MD)","d","House","8600","0","0","0","0","8600"
"N00024874","Cardoza, Dennis (D-CA)","d","House","8000","12000","0","0","0","20000"
"N00026341","Costa, Jim (D-CA)","d","House","8000","11000","1000","3000","2000","25000"
"N00006897","Sherman, Brad (D-CA)","d","House","8000","10000","14500","3000","2000","37500"
"N00025280","Ryan, Tim (D-OH)","d","House","7500","0","0","0","0","7500"
"N00009699","Tiberi, Patrick J (R-OH)","r","House","7500","3250","0","0","0","10750"
"N00003264","Davis, Lincoln (D-TN)","d","House","7300","28400","0","0","0","35700"
"N00030026","Luetkemeyer, Blaine (R-MO)","r","House","7300","3000","18200","28500","9000","66000"
"N00024760","Gingrey, Phil (R-GA)","r","House","6900","3800","8500","2600","0","21800"
"N00027493","Bachmann, Michele (R-MN)","r","House","6000","1000","0","0","0","7000"
"N00029333","Buehrer, Steve (R-OH)","r","House","6000","1000","0","0","0","7000"
"N00029680","Cazayoux, Don (D-LA)","d","House","6000","0","0","0","0","6000"
"N00028152","McCarthy, Kevin (R-CA)","r","House","6000","9500","12500","32500","6000","66500"
"N00009585","Schiff, Adam (D-CA)","d","House","6000","2000","0","0","0","8000"
"N00027888","Hall, John (D-NY)","d","House","5800","1000","0","0","0","6800"
"N00029268","Fleming, Barry (R-GA)","r","House","5600","0","0","0","0","5600"
"N00028049","Sestak, Joe (D-PA)","d","House","5600","6800","0","0","0","12400"
"N00027575","Ellsworth, Brad (D-IN)","d","House","5500","17000","0","0","0","22500"
"N00001579","Schwartz, Allyson (D-PA)","d","House","5500","0","0","0","0","5500"
"N00027703","Carney, Chris (D-PA)","d","House","5000","1500","0","0","0","6500"
"N00029692","Childers, Travis (D-MS)","d","House","5000","27500","0","0","0","32500"
"N00013808","McCotter, Thaddeus G (R-MI)","r","House","5000","3000","0","0","0","8000"
"N00026627","McHenry, Patrick (R-NC)","r","House","4800","8500","52999","42200","3500","111999"
"N00003504","Pryce, Deborah (R-OH)","r","House","4800","0","0","0","0","4800"
"N00003209","Duncan, John J Jr (R-TN)","r","House","4600","0","0","0","0","4600"
"N00025025","Gerlach, Jim (R-PA)","r","House","4500","0","0","0","0","4500"
"N00002884","Hastings, Alcee L (D-FL)","d","House","4500","32000","12000","27500","41450","117450"
"N00029574","Stivers, Steve (R-OH)","r","House","4500","6000","27125","47700","41000","126325"
"N00013837","Barrett, Gresham (R-SC)","r","House","4300","0","0","0","0","4300"
"N00007833","Smith, Adam (D-WA)","d","House","4250","1000","0","0","0","5250"
"N00009774","Becerra, Xavier (D-CA)","d","House","4000","0","2000","1000","3500","10500"
"N00026481","Boren, Dan (D-OK)","d","House","4000","1000","0","0","0","5000"
"N00004208","Boswell, Leonard (D-IA)","d","House","4000","0","0","0","0","4000"
"N00027035","Butterfield, G K (D-NC)","d","House","4000","0","0","0","0","4000"
"N00006349","Cannon, Chris (R-UT)","r","House","4000","0","0","0","0","4000"
"N00009759","Larsen, Rick (D-WA)","d","House","4000","0","500","0","0","4500"
"N00026885","Reichert, Dave (R-WA)","r","House","4000","2500","2000","0","0","8500"
"N00008274","Sanchez, Loretta (D-CA)","d","House","4000","0","0","0","1000","5000"
"N00003288","Thompson, Bennie G (D-MS)","d","House","4000","0","0","0","0","4000"
"N00026368","Walberg, Tim (R-MI)","r","House","4000","0","2000","1000","0","7000"
"N00003159","Wamp, Zach (R-TN)","r","House","4000","0","0","0","0","4000"
"N00029838","Bright, Bobby (D-AL)","d","House","3500","15000","0","0","0","18500"
"N00000743","Garrett, Scott (R-NJ)","r","House","3500","7000","11500","17000","0","39000"
"N00012457","Jackson, Jesse Jr (D-IL)","d","House","3300","4600","2350","0","0","10250"
"N00027664","Altmire, Jason (D-PA)","d","House","3000","2000","1500","0","0","6500"
"N00003105","Blackburn, Marsha (R-TN)","r","House","3000","2000","1000","2500","1000","9500"
"N00029513","Carson, Andre (D-IN)","d","House","3000","0","0","0","0","3000"
"N00012460","Clay, William L Jr (D-MO)","d","House","3000","11200","10000","3000","0","27200"
"N00026586","Donnelly, Joe (D-IN)","d","House","3000","0","0","3000","0","6000"
"N00003660","Gillmor, Paul E (R-OH)","r","House","3000","0","0","0","0","3000"
"N00026087","Kuhl, John R Jr (R-NY)","r","House","3000","0","0","0","0","3000"
"N00026314","McMorris Rodgers, Cathy (R-WA)","r","House","3000","19200","25000","10400","0","57600"
"N00026160","Price, Tom (R-GA)","r","House","3000","1000","12500","0","3700","20200"
"N00001102","Velazquez, Nydia M (D-NY)","d","House","3000","0","0","0","0","3000"
"N00029377","Halvorson, Deborah (D-IL)","d","House","2500","5200","0","0","0","7700"
"N00000964","Rangel, Charles B (D-NY)","d","House","2500","0","2000","0","0","4500"
"N00013744","Watson, Diane E (D-CA)","d","House","2500","0","0","0","0","2500"
"N00029390","Bonoff, Terri (D-MN)","d","House","2300","0","0","0","0","2300"
"N00003689","Chabot, Steve (R-OH)","r","House","2300","5000","0","0","0","7300"
"N00013323","Graves, Sam (R-MO)","r","House","2300","0","2000","0","0","4300"
"N00028985","Whitehead, Jim (R-GA)","r","House","2300","0","0","0","0","2300"
"N00005906","Paul, Ron (R-TX)","r","House","2201","0","902","0","0","3103"
"N00001143","Ackerman, Gary (D-NY)","d","House","2000","8000","0","0","0","10000"
"N00027462","Bilirakis, Gus (R-FL)","r","House","2000","4000","5800","4500","500","16800"
"N00013131","Cantor, Eric (R-VA)","r","House","2000","7000","1500","3500","0","14000"
"N00025095","Carter, John (R-TX)","r","House","2000","2000","0","0","0","4000"
"N00026591","Chandler, Ben (D-KY)","d","House","2000","0","0","0","0","2000"
"N00027785","Davis-Aaron, Laura (D-TN)","d","House","2000","0","0","0","0","2000"
"N00007033","Filner, Bob (D-CA)","d","House","2000","0","0","0","0","2000"
"N00003126","Gordon, Bart (D-TN)","d","House","2000","0","0","0","0","2000"
"N00027522","Heller, Dean (R-NV)","r","House","2000","17000","19000","2000","2500","42500"
"N00024773","Herseth Sandlin, Stephanie (D-SD)","d","House","2000","9000","0","0","0","11000"
"N00008122","Johnson, Eddie Bernice (D-TX)","d","House","2000","2500","0","0","0","4500"
"N00027894","Jordan, Jim (R-OH)","r","House","2000","0","0","2500","0","4500"
"N00004403","Kind, Ron (D-WI)","d","House","2000","0","500","1000","0","3500"
"N00009635","Marshall, Jim (D-GA)","d","House","2000","0","0","0","0","2000"
"N00009753","Matheson, Jim (D-UT)","d","House","2000","11800","4500","0","0","18300"
"N00024770","Michaud, Mike (D-ME)","d","House","2000","0","0","0","0","2000"
"N00004719","Roskam, Peter (R-IL)","r","House","2000","8000","7000","3750","1000","21750"
"N00027526","Schmidt, Jean (R-OH)","r","House","2000","16000","2500","0","0","20500"
"N00004133","Upton, Fred (R-MI)","r","House","2000","0","0","0","0","2000"
"N00002299","Jones, Walter B Jr (R-NC)","r","House","1500","0","0","0","0","1500"
"N00002492","Spratt, John M Jr (D-SC)","d","House","1500","1000","0","0","0","2500"
"N00029273","Schock, Aaron (R-IL)","r","House","1250","1000","3500","1000","0","6750"
"N00003028","Aderholt, Robert B (R-AL)","r","House","1000","0","500","2000","1000","4500"
"N00027890","Arcuri, Mike (D-NY)","d","House","1000","0","0","0","0","1000"
"N00005656","Barton, Joe (R-TX)","r","House","1000","0","0","0","0","1000"
"N00024777","Brown-Waite, Ginny (R-FL)","r","House","1000","0","0","0","0","1000"
"N00003924","Buyer, Steve (R-IN)","r","House","1000","0","0","0","0","1000"
"N00003042","Cramer, Bud (D-AL)","d","House","1000","0","0","0","0","1000"
"N00009738","Culberson, John (R-TX)","r","House","1000","0","0","0","0","1000"
"N00026171","Dent, Charlie (R-PA)","r","House","1000","0","0","0","0","1000"
"N00002872","Diaz-Balart, Lincoln (R-FL)","r","House","1000","0","0","0","0","1000"
"N00005090","Emerson, Jo Ann (R-MO)","r","House","1000","0","0","0","0","1000"
"N00029133","Goddard, Rick (R-GA)","r","House","1000","0","0","0","0","1000"
"N00008799","Granger, Kay (R-TX)","r","House","1000","1500","1000","0","0","3500"
"N00029675","Guthrie, Brett (R-KY)","r","House","1000","0","0","0","0","1000"
"N00012611","Honda, Mike (D-CA)","d","House","1000","0","0","0","0","1000"
"N00026829","Jennings, Christine (D-FL)","d","House","1000","0","0","0","0","1000"
"N00027848","Johnson, Hank (D-GA)","d","House","1000","1000","0","0","0","2000"
"N00008028","Johnson, Sam (R-TX)","r","House","1000","1000","1000","0","0","3000"
"N00028133","Lamborn, Douglas L (R-CO)","r","House","1000","0","1000","0","1500","3500"
"N00012233","Latta, Robert E (R-OH)","r","House","1000","0","0","0","0","1000"
"N00029461","Love, Jay K (R-AL)","r","House","1000","0","0","0","0","1000"
"N00026710","Marchant, Kenny (R-TX)","r","House","1000","4000","3500","0","2500","11000"
"N00026460","McCaul, Michael (R-TX)","r","House","1000","2000","2500","1000","0","6500"
"N00026840","Melancon, Charles (D-LA)","d","House","1000","3000","0","0","0","4000"
"N00002083","Moran, Jim (D-VA)","d","House","1000","0","2500","0","0","3500"
"N00027594","Murphy, Patrick J (D-PA)","d","House","1000","8000","0","5000","0","14000"
"N00024992","Murphy, Tim (R-PA)","r","House","1000","1000","6000","1500","0","9500"
"N00025054","Musgrave, Marilyn (R-CO)","r","House","1000","0","0","0","0","1000"
"N00026043","Neugebauer, Randy (R-TX)","r","House","1000","3000","6000","24500","0","34500"
"N00029662","Posey, Bill (R-FL)","r","House","1000","8000","10000","7500","1000","27500"
"N00004484","Ramstad, Jim (R-MN)","r","House","1000","0","0","0","0","1000"
"N00006671","Roybal-Allard, Lucille (D-CA)","d","House","1000","0","0","0","0","1000"
"N00005218","Ryun, Jim (R-KS)","r","House","1000","0","0","0","0","1000"
"N00027902","Space, Zack (D-OH)","d","House","1000","0","0","0","0","1000"
"N00003254","Tanner, John (D-TN)","d","House","1000","0","0","0","0","1000"
"N00003528","Wilson, Charlie (D-OH)","d","House","1000","0","0","0","0","1000"
"N00029459","Wittman, Rob (R-VA)","r","House","1000","3500","0","0","0","4500"
"N00025219","Burgess, Michael (R-TX)","r","House","500","0","0","0","0","500"
"N00030085","Corden, Paul H (D-SC)","d","House","500","0","0","0","0","500"
"N00027781","Fallin, Mary (R-OK)","r","House","500","0","0","0","0","500"
"N00029275","Jordan, Nick (R-KS)","r","House","500","0","0","0","0","500"
"N00002327","Myrick, Sue (R-NC)","r","House","500","1000","0","0","0","1500"
"N00008144","Tiahrt, Todd (R-KS)","r","House","500","24500","0","0","0","25000"
"N00025175","Turner, Michael R (R-OH)","r","House","500","0","500","0","0","1000"
"N00005645","Hall, Ralph (R-TX)","r","House","300","0","0","0","0","300"
"N00006690","Waters, Maxine (D-CA)","d","House","250","0","2500","0","0","2750"
"N00005883","Brady, Kevin (R-TX)","r","House","0","1000","0","0","0","1000"
"N00026961","Clarke, Yvette D (D-NY)","d","House","0","3500","0","0","0","3500"
"N00026790","Cleaver, Emanuel (D-MO)","d","House","0","0","0","0","0","0"
"N00009618","Putnam, Adam H (R-FL)","r","House","0","0","0","0","0","0"
"N00006424","McCain, John (R)","r","President","34700","0","0","0","0","34700"
"N00009638","Obama, Barack (D)","d","President","29950","0","4990","0","0","34940"
"N00024821","Richardson, Bill (D)","d","President","29900","0","0","0","0","29900"
"N00000286","Romney, Mitt (R)","r","President","21100","0","99600","0","0","120700"
"N00003136","Thompson, Fred (R)","r","President","17700","0","0","0","0","17700"
"N00009908","Giuliani, Rudolph W (R)","r","President","4600","0","0","0","0","4600"
"N00002283","Edwards, John (D)","d","President","4200","0","0","0","0","4200"
"N00010084","Johnson, Tim (D-SD)","d","Senate","76000","1000","3000","0","0","80000"
"N00000581","Dodd, Chris (D-CT)","d","Senate","39950","12450","4000","0","0","56400"
"N00009920","Shelby, Richard C (R-AL)","r","Senate","39800","54200","18500","0","90400","202900"
"N00009922","Reid, Harry (D-NV)","d","Senate","26500","89100","9000","9500","0","134100"
"N00003389","McConnell, Mitch (R-KY)","r","Senate","22100","11405","26000","17500","3500","80505"
"N00027441","Corker, Bob (R-TN)","r","Senate","17225","12150","43300","500","7300","80475"
"N00029441","Risch, James E (R-ID)","r","Senate","16500","0","0","0","0","16500"
"N00009888","Alexander, Lamar (R-TN)","r","Senate","15600","4800","0","10100","0","30500"
"N00005285","Roberts, Pat (R-KS)","r","Senate","12500","0","0","17400","0","29900"
"N00013823","Pryor, Mark (D-AR)","d","Senate","12300","11000","0","5500","0","28800"
"N00002097","Warner, Mark (D-VA)","d","Senate","11400","2900","0","20000","0","34300"
"N00002593","Isakson, Johnny (R-GA)","r","Senate","11200","10800","0","2600","0","24600"
"N00000019","Clinton, Hillary (D-NY)","d","Senate","9950","0","0","0","8945","18895"
"N00027694","McCaskill, Claire (D-MO)","d","Senate","9600","0","0","0","0","9600"
"N00009975","Graham, Lindsey (R-SC)","r","Senate","8200","200","2000","5800","800","17000"
"N00002685","Chambliss, Saxby (R-GA)","r","Senate","7900","0","0","0","0","7900"
"N00002472","DeMint, Jim (R-SC)","r","Senate","7000","21600","2500","0","0","31100"
"N00009659","Vitter, David (R-LA)","r","Senate","7000","24000","15000","0","5000","51000"
"N00004572","Thune, John (R-SD)","r","Senate","6900","21900","0","4000","0","32800"
"N00005395","Landrieu, Mary L (D-LA)","d","Senate","6500","0","0","1300","0","7800"
"N00027605","Tester, Jon (D-MT)","d","Senate","6000","4000","11500","4000","0","25500"
"N00003535","Brown, Sherrod (D-OH)","d","Senate","5100","15150","17000","3500","3500","44250"
"N00012508","Carper, Tom (D-DE)","d","Senate","5000","0","0","0","0","5000"
"N00007876","Murray, Patty (D-WA)","d","Senate","5000","18600","0","0","0","23600"
"N00001758","Grassley, Chuck (R-IA)","r","Senate","4000","5000","3000","0","0","12000"
"N00004118","Stabenow, Debbie (D-MI)","d","Senate","4000","0","0","0","0","4000"
"N00026050","Murkowski, Lisa (R-AK)","r","Senate","3300","4400","0","0","0","7700"
"N00006267","Crapo, Mike (R-ID)","r","Senate","3000","10400","14000","26100","2500","56000"
"N00006249","Enzi, Mike (R-WY)","r","Senate","3000","0","0","0","0","3000"
"N00026823","Kennedy, John (R-LA)","r","Senate","3000","0","0","0","0","3000"
"N00003762","Bayh, Evan (D-IN)","d","Senate","2500","2500","0","0","0","5000"
"N00006561","Udall, Tom (D-NM)","d","Senate","2500","0","0","0","0","2500"
"N00030569","Jones, Elizabeth Ames (R-TX)","r","Senate","2300","0","0","0","0","2300"
"N00029810","Musgrove, Ronnie (D-MS)","d","Senate","2300","0","0","0","0","2300"
"N00004643","Baucus, Max (D-MT)","d","Senate","2000","2400","0","0","0","4400"
"N00004207","Harkin, Tom (D-IA)","d","Senate","2000","0","0","0","0","2000"
"N00000659","Lautenberg, Frank (D-NJ)","d","Senate","2000","0","0","0","0","2000"
"N00005244","Brownback, Sam (R-KS)","r","Senate","1000","0","0","0","0","1000"
"N00027503","Casey, Bob (D-PA)","d","Senate","1000","0","0","0","0","1000"
"N00013870","Coleman, Norm (R-MN)","r","Senate","1000","0","0","0","0","1000"
"N00024852","Cornyn, John (R-TX)","r","Senate","1000","0","0","31200","0","32200"
"N00008071","Dole, Elizabeth (R-NC)","r","Senate","1000","0","0","0","0","1000"
"N00005582","Inhofe, James M (R-OK)","r","Senate","1000","0","0","0","0","1000"
"N00008092","Lincoln, Blanche (D-AR)","d","Senate","1000","1000","0","0","0","2000"
"N00012672","Pearce, Steve (R-NM)","r","Senate","1000","0","1400","4500","3500","10400"
"N00006182","Schaffer, Bob (R-CO)","r","Senate","1000","0","0","0","0","1000"
"N00007815","Smith, Gordon H (R-OR)","r","Senate","1000","0","0","0","0","1000"
"N00001604","Specter, Arlen (R-PA)","r","Senate","1000","0","0","0","0","1000"
"N00003280","Wicker, Roger (R-MS)","r","Senate","1000","3000","2000","0","0","6000"
"N00029016","Franken, Al (D-MN)","d","Senate","500","0","0","0","0","500"
"N00030142","Tuke, Robert Dudley (D-TN)","d","Senate","500","0","0","0","0","500"
"N00029168","Pierluisi, Pedro (3-PR)","i","Delegate","0","4800","0","0","0","4800"
"N00031502","Yoder, Kevin (R-KS)","r","House","0","48350","54600","61057","42200","206207"
"N00006288","Minnick, Walt (D-ID)","d","House","0","25200","0","0","0","25200"
"N00031538","Tracy, Jim (R-TN)","r","House","0","21400","0","21500","0","42900"
"N00002743","Boyd, Allen (D-FL)","d","House","0","14000","0","0","0","14000"
"N00029370","Kosmas, Suzanne (D-FL)","d","House","0","14000","0","0","0","14000"
"N00026431","Salazar, John (D-CO)","d","House","0","14000","0","0","0","14000"
"N00007089","Baca, Joe (D-CA)","d","House","0","13100","15300","0","0","28400"
"N00011798","Thomas, David Lloyd (R-SC)","r","House","0","11500","0","0","0","11500"
"N00009760","Koster, John (R-WA)","r","House","0","11400","9000","0","0","20400"
"N00032457","Scott, Austin (R-GA)","r","House","0","9600","5000","0","0","14600"
"N00031317","Deutch, Ted (D-FL)","d","House","0","9500","5000","0","0","14500"
"N00008264","Royce, Ed (R-CA)","r","House","0","9000","10000","13600","0","32600"
"N00004884","Davis, Danny K (D-IL)","d","House","0","8800","0","0","0","8800"
"N00031559","Herrera Beutler, Jaime (R-WA)","r","House","0","8200","20000","5200","0","33400"
"N00030628","Cedillo, Gilbert (D-CA)","d","House","0","8000","0","0","0","8000"
"N00029139","Foster, Bill (D-IL)","d","House","0","8000","0","500","0","8500"
"N00030656","Fritchey, John A (D-IL)","d","House","0","8000","0","0","0","8000"
"N00029327","Schauer, Mark (D-MI)","d","House","0","8000","0","0","0","8000"
"N00028418","Grayson, Alan (D-FL)","d","House","0","7800","500","0","2000","10300"
"N00031539","Black, Diane (R-TN)","r","House","0","7200","10250","12500","25300","55250"
"N00029146","Kratovil, Frank (D-MD)","d","House","0","7000","0","0","0","7000"
"N00031877","Bass, Karen (D-CA)","d","House","0","6500","0","0","0","6500"
"N00031782","Scott, Tim (R-SC)","r","House","0","6350","3000","33270","23300","65920"
"N00009660","Scalise, Steve (R-LA)","r","House","0","6000","0","15000","25500","46500"
"N00027649","Huelskamp, Tim (R-KS)","r","House","0","5500","3000","2500","0","11000"
"N00027891","Maffei, Dan (D-NY)","d","House","0","5500","2500","0","0","8000"
"N00029277","Peters, Gary (D-MI)","d","House","0","5500","1500","5500","5000","17500"
"N00030815","Fleischmann, Chuck (R-TN)","r","House","0","4800","21460","25100","9800","61160"
"N00030788","Graves, Tom (R-GA)","r","House","0","4800","0","0","2000","6800"
"N00030645","Ross, Dennis (R-FL)","r","House","0","4400","11500","11200","6000","33100"
"N00027514","Castor, Kathy (D-FL)","d","House","0","4000","4500","2500","6000","17000"
"N00030880","Gowdy, Trey (R-SC)","r","House","0","4000","8000","7000","9500","28500"
"N00031005","Hartzler, Vicky (R-MO)","r","House","0","4000","0","5200","1500","10700"
"N00029649","Speier, Jackie (D-CA)","d","House","0","3500","0","0","0","3500"
"N00031244","Heck, Joe (R-NV)","r","House","0","3400","3500","6700","7450","21050"
"N00030870","Barnett, James A (R-KS)","r","House","0","3000","2000","0","0","5000"
"N00007099","Calvert, Ken (R-CA)","r","House","0","3000","0","0","0","3000"
"N00001193","King, Pete (R-NY)","r","House","0","3000","0","0","0","3000"
"N00030198","Lee, Christopher J (R-NY)","r","House","0","3000","0","0","0","3000"
"N00031127","Renacci, Jim (R-OH)","r","House","0","3000","13000","0","0","16000"
"N00030956","Smith, Robin (R-TN)","r","House","0","3000","0","0","0","3000"
"N00000153","Neal, Richard E (D-MA)","d","House","0","2500","0","0","0","2500"
"N00027510","Perlmutter, Edwin G (D-CO)","d","House","0","2500","11000","8000","2500","24000"
"N00028958","Chaffetz, Jason (R-UT)","r","House","0","2400","16900","2500","3000","24800"
"N00030844","Harmer, David Jeffrey (R-CA)","r","House","0","2400","0","0","0","2400"
"N00030744","Pompeo, Mike (R-KS)","r","House","0","2400","2500","1000","0","5900"
"N00006460","Schweikert, David (R-AZ)","r","House","0","2400","9825","0","0","12225"
"N00031265","Hurt, Robert (R-VA)","r","House","0","2200","10125","2500","0","14825"
"N00031679","Burke, Matthew (R-WA)","r","House","0","2000","0","0","0","2000"
"N00027565","Campbell, John (R-CA)","r","House","0","2000","0","0","0","2000"
"N00030757","Castillo, David B (R-WA)","r","House","0","2000","0","0","0","2000"
"N00027829","Giffords, Gabrielle (D-AZ)","d","House","0","2000","0","0","0","2000"
"N00009157","Hastings, Doc (R-WA)","r","House","0","2000","2000","0","0","4000"
"N00002577","Lewis, John (D-GA)","d","House","0","2000","0","0","0","2000"
"N00032214","Parker, Star (R-CA)","r","House","0","2000","0","0","0","2000"
"N00027866","Seals, Dan (D-IL)","d","House","0","2000","0","0","0","2000"
"N00001817","Young, C W Bill (R-FL)","r","House","0","2000","1500","0","0","3500"
"N00031629","Berg, Rick (R-ND)","r","House","0","1500","5000","0","0","6500"
"N00008086","Camp, Dave (R-MI)","r","House","0","1500","0","0","0","1500"
"N00029562","Lujan, Ben R (D-NM)","d","House","0","1500","0","0","0","1500"
"N00032441","Nugent, Richard (R-FL)","r","House","0","1200","6000","5000","0","12200"
"N00000826","Andrews, Robert E (D-NJ)","d","House","0","1000","0","0","0","1000"
"N00027626","Buchanan, Vernon (R-FL)","r","House","0","1000","0","0","0","1000"
"N00009771","Capito, Shelley Moore (R-WV)","r","House","0","1000","7000","24300","0","32300"
"N00031477","Carter, Liz (R-GA)","r","House","0","1000","0","0","0","1000"
"N00001971","Cummings, Elijah E (D-MD)","d","House","0","1000","0","0","0","1000"
"N00025337","Diaz-Balart, Mario (R-FL)","r","House","0","1000","2000","0","0","3000"
"N00031103","Dold, Bob (R-IL)","r","House","0","1000","5500","0","1000","7500"
"N00030646","Edwards, Lori (D-FL)","d","House","0","1000","0","0","0","1000"
"N00031141","Fincher, Steve (R-TN)","r","House","0","1000","18000","9750","0","28750"
"N00027229","Fitzpatrick, Michael G (R-PA)","r","House","0","1000","1650","5800","0","8450"
"N00031545","Flores, Bill (R-TX)","r","House","0","1000","0","0","0","1000"
"N00030856","Garamendi, John (D-CA)","d","House","0","1000","2000","0","0","3000"
"N00028859","Kissell, Larry (D-NC)","d","House","0","1000","0","0","0","1000"
"N00000575","Larson, John B (D-CT)","d","House","0","1000","0","0","0","1000"
"N00027701","Lentz, Bryan (D-PA)","d","House","0","1000","0","0","0","1000"
"N00003950","Levin, Sander (D-MI)","d","House","0","1000","0","0","0","1000"
"N00027239","Lipinski, Daniel (D-IL)","d","House","0","1000","0","0","0","1000"
"N00030267","McMahon, Michael E (D-NY)","d","House","0","1000","0","0","0","1000"
"N00031412","Mulvaney, Mick (R-SC)","r","House","0","1000","3000","21250","6000","31250"
"N00031011","Owens, Bill (D-NY)","d","House","0","1000","0","0","0","1000"
"N00031750","Perry, Jeff (R-MA)","r","House","0","1000","0","0","0","1000"
"N00029127","Polis, Jared (D-CO)","d","House","0","1000","0","0","0","1000"
"N00031101","Pollak, Joel (R-IL)","r","House","0","1000","0","0","0","1000"
"N00030811","Rice, Rex (R-SC)","r","House","0","1000","0","0","0","1000"
"N00031887","Rivera, David (R-FL)","r","House","0","1000","0","0","0","1000"
"N00030768","Roby, Martha (R-AL)","r","House","0","1000","0","0","0","1000"
"N00030071","Schrader, Kurt (D-OR)","d","House","0","1000","1000","0","0","2000"
"N00003844","Souder, Mark E (R-IN)","r","House","0","1000","0","0","0","1000"
"N00029736","Thompson, Glenn (R-PA)","r","House","0","1000","0","0","0","1000"
"N00026335","Webster, Daniel (R-FL)","r","House","0","1000","10000","5100","5000","21100"
"N00000515","Welch, Peter (D-VT)","d","House","0","1000","0","0","0","1000"
"N00031006","Nunnelee, Alan (R-MS)","r","House","0","900","0","0","0","900"
"N00030780","Gardner, Cory (R-CO)","r","House","0","500","0","6000","2000","8500"
"N00031989","Gooch, Diane (R-NJ)","r","House","0","500","0","0","0","500"
"N00013345","Israel, Steve (D-NY)","d","House","0","500","0","0","0","500"
"N00030667","Kinzinger, Adam (R-IL)","r","House","0","500","1000","3750","0","5250"
"N00029391","Paulsen, Erik (R-MN)","r","House","0","500","0","0","250","750"
"N00031780","Thurmond, Paul (R-SC)","r","House","0","500","0","0","0","500"
"N00024809","Wilson, Joe (R-SC)","r","House","0","500","0","0","0","500"
"N00029321","Harper, Scott (D-IL)","d","House","0","250","0","0","0","250"
"N00032587","McDowell, Gary J (D-MI)","d","House","0","250","0","0","0","250"
"N00013856","Conway, Jack (D-KY)","d","Senate","0","24750","6000","0","0","30750"
"N00002942","Crist, Charlie (I-FL)","i","Senate","0","24000","0","0","5200","29200"
"N00032631","Rossi, Dino (R-WA)","r","Senate","0","24000","0","0","0","24000"
"N00005195","Blunt, Roy (R-MO)","r","Senate","0","18900","7000","0","1000","26900"
"N00007949","Benton, Don (R-WA)","r","Senate","0","15800","0","0","0","15800"
"N00031696","Lee, Mike (R-UT)","r","Senate","0","13200","3750","2500","0","19450"
"N00012539","Kirk, Mark (R-IL)","r","Senate","0","11500","3000","0","1000","15500"
"N00027658","Gillibrand, Kirsten (D-NY)","d","Senate","0","5750","12500","0","0","18250"
"N00005329","Nelson, Ben (D-NE)","d","Senate","0","5400","0","0","0","5400"
"N00032838","Manchin, Joe (D-WV)","d","Senate","0","5000","0","0","0","5000"
"N00001489","Toomey, Pat (R-PA)","r","Senate","0","5000","48750","12750","22700","89200"
"N00006347","Bennett, Robert F (R-UT)","r","Senate","0","4800","0","0","0","4800"
"N00030829","Buck, Kenneth R (R-CO)","r","Senate","0","3000","0","0","0","3000"
"N00030608","Bennet, Michael F (D-CO)","d","Senate","0","2500","0","0","0","2500"
"N00031174","Brown, Scott (R-MA)","r","Senate","0","2500","10250","0","0","12750"
"N00005282","Moran, Jerry (R-KS)","r","Senate","0","2500","10000","5000","1000","18500"
"N00030612","Rubio, Marco (R-FL)","r","Senate","0","2500","11500","1000","15850","30850"
"N00029444","Johanns, Mike (R-NE)","r","Senate","0","2200","5000","0","0","7200"
"N00030980","Ayotte, Kelly (R-NH)","r","Senate","0","2000","4500","1000","5000","12500"
"N00003845","Coats, Dan (R-IN)","r","Senate","0","2000","0","1500","0","3500"
"N00009869","Hatch, Orrin G (R-UT)","r","Senate","0","2000","2500","0","0","4500"
"N00032555","Miller, Joe (R-AK)","r","Senate","0","2000","0","0","0","2000"
"N00025299","Bridgewater, Tim (R-UT)","r","Senate","0","1500","0","0","0","1500"
"N00030602","Williams, Roger (R-TX)","r","Senate","0","1500","7500","0","1500","10500"
"N00002221","Burr, Richard (R-NC)","r","Senate","0","1000","0","1000","2500","4500"
"N00027616","Carnahan, Robin (D-MO)","d","Senate","0","1000","0","0","0","1000"
"N00009775","Castle, Michael N (R-DE)","r","Senate","0","1000","0","0","0","1000"
"N00005601","Coburn, Tom (R-OK)","r","Senate","0","1000","0","0","0","1000"
"N00004615","Dorgan, Byron L (D-ND)","d","Senate","0","1000","0","0","0","1000"
"N00028769","O'Donnell, Christine (R-DE)","r","Senate","0","1000","0","0","0","1000"
"N00003682","Portman, Rob (R-OH)","r","Senate","0","1000","0","0","3700","4700"
"N00024790","Shaheen, Jeanne (D-NH)","d","Senate","0","1000","0","8150","0","9150"
"N00008051","Udall, Mark (D-CO)","d","Senate","0","1000","0","7000","0","8000"
"N00027581","Angle, Sharron (R-NV)","r","Senate","0","250","0","0","0","250"
"N00034342","Rogers, Hayden (D-NC)","d","House","0","0","23500","0","0","23500"
"N00033106","Wagner, Ann L (R-MO)","r","House","0","0","23500","17500","1000","42000"
"N00031589","Paton, Jonathan (R-AZ)","r","House","0","0","15000","0","0","15000"
"N00026722","Canseco, Francisco (R-TX)","r","House","0","0","14750","1000","0","15750"
"N00030957","Desjarlais, Scott (R-TN)","r","House","0","0","12000","10100","7900","30000"
"N00026163","Westmoreland, Lynn A (R-GA)","r","House","0","0","11500","0","2750","14250"
"N00031401","Grimm, Michael (R-NY)","r","House","0","0","9500","5800","0","15300"
"N00033404","Oceguera, John (D-NV)","d","House","0","0","9100","0","0","9100"
"N00030673","Huizenga, Bill (R-MI)","r","House","0","0","8000","1000","0","9000"
"N00024978","Cuellar, Henry (D-TX)","d","House","0","0","7500","2000","2500","12000"
"N00030949","Reed, Tom (R-NY)","r","House","0","0","7000","0","0","7000"
"N00033638","Horsford, Steven (D-NV)","d","House","0","0","6000","6800","0","12800"
"N00026322","Strickland, Tony (R-CA)","r","House","0","0","6000","0","0","6000"
"N00031124","Hayworth, Nan (R-NY)","r","House","0","0","5500","0","0","5500"
"N00033518","Collins, Doug (R-GA)","r","House","0","0","5000","0","0","5000"
"N00030967","Duffy, Sean P (R-WI)","r","House","0","0","5000","12000","26900","43900"
"N00002893","Frankel, Lois J (D-FL)","d","House","0","0","5000","5000","0","10000"
"N00025237","King, Steven A (R-IA)","r","House","0","0","5000","0","0","5000"
"N00033842","Love, Mia (R-UT)","r","House","0","0","5000","4600","6500","16100"
"N00032022","Noem, Kristi (R-SD)","r","House","0","0","5000","0","0","5000"
"N00031204","Southerland, Steve (R-FL)","r","House","0","0","5000","8000","0","13000"
"N00033310","Wenstrup, Brad (R-OH)","r","House","0","0","5000","236","0","5236"
"N00024759","Rogers, Mike D (R-AL)","r","House","0","0","4000","0","0","4000"
"N00030736","Carney, John (D-DE)","d","House","0","0","3500","12500","0","16000"
"N00033547","Buck, Jason (R-UT)","r","House","0","0","3000","0","0","3000"
"N00033375","Calderon, Ronald (D-CA)","d","House","0","0","3000","0","0","3000"
"N00033316","Castro, Joaquin (D-TX)","d","House","0","0","3000","0","0","3000"
"N00001811","Smith, Lamar (R-TX)","r","House","0","0","3000","0","0","3000"
"N00033658","Wamp, Weston (R-TN)","r","House","0","0","3000","0","0","3000"
"N00030801","Guinta, Frank (R-NH)","r","House","0","0","2750","0","0","2750"
"N00031640","Buerkle, Ann Marie (R-NY)","r","House","0","0","2500","0","0","2500"
"N00003473","Rogers, Hal (R-KY)","r","House","0","0","2500","0","0","2500"
"N00030622","Sewell, Terri A (D-AL)","d","House","0","0","2500","3000","0","5500"
"N00033932","Stewart, Chris (R-UT)","r","House","0","0","2500","0","0","2500"
"N00033812","Tisei, Richard (R-MA)","r","House","0","0","2500","0","0","2500"
"N00025495","Barletta, Lou (R-PA)","r","House","0","0","2000","0","0","2000"
"N00033904","Beatty, Joyce (D-OH)","d","House","0","0","2000","0","500","2500"
"N00026595","Boustany, Charles Jr (R-LA)","r","House","0","0","2000","0","0","2000"
"N00031593","Denham, Jeff (R-CA)","r","House","0","0","2000","0","0","2000"
"N00031513","Ellmers, Renee (R-NC)","r","House","0","0","2000","0","0","2000"
"N00033541","Gallego, Pete (D-TX)","d","House","0","0","2000","1000","0","3000"
"N00033038","Gill, Ricky (R-CA)","r","House","0","0","2000","0","0","2000"
"N00034256","Hayden, Jerry (R-CA)","r","House","0","0","2000","0","0","2000"
"N00013846","Miller, Jeff (R-FL)","r","House","0","0","2000","0","1000","3000"
"N00029285","Olson, Pete (R-TX)","r","House","0","0","2000","1000","0","3000"
"N00033549","Pocan, Mark (D-WI)","d","House","0","0","2000","1500","0","3500"
"N00033101","Schneider, Brad (D-IL)","d","House","0","0","2000","1000","0","3000"
"N00033406","Weprin, David I (D-NY)","d","House","0","0","2000","0","0","2000"
"N00030926","Adams, Sandy (R-FL)","r","House","0","0","1000","0","0","1000"
"N00033519","Anderson, Lee Ivey (R-GA)","r","House","0","0","1000","0","0","1000"
"N00033656","Bauer, Andre (R-SC)","r","House","0","0","1000","0","0","1000"
"N00033373","Cardenas, Tony (D-CA)","d","House","0","0","1000","10000","15000","26000"
"N00026041","Conaway, Mike (R-TX)","r","House","0","0","1000","0","0","1000"
"N00034784","Davis, Rodney (R-IL)","r","House","0","0","1000","500","500","2000"
"N00034430","Dieterich, Bob (R-NY)","r","House","0","0","1000","0","0","1000"
"N00031128","Gibbs, Bob (R-OH)","r","House","0","0","1000","4500","0","5500"
"N00031297","Griffin, Tim (R-AR)","r","House","0","0","1000","0","0","1000"
"N00029147","Harris, Andy (R-MD)","r","House","0","0","1000","0","0","1000"
"N00033166","Hasner, Adam (R-FL)","r","House","0","0","1000","0","0","1000"
"N00031557","Heck, Dennis (D-WA)","d","House","0","0","1000","14000","0","15000"
"N00031129","Lankford, James (R-OK)","r","House","0","0","1000","3000","0","4000"
"N00033274","Lowenthal, Alan (D-CA)","d","House","0","0","1000","0","0","1000"
"N00005559","Lucas, Frank D (R-OK)","r","House","0","0","1000","0","2500","3500"
"N00011971","Lungren, Dan (R-CA)","r","House","0","0","1000","0","0","1000"
"N00033039","Maldonado, Abel (R-CA)","r","House","0","0","1000","0","0","1000"
"N00031134","Meehan, Patrick (R-PA)","r","House","0","0","1000","0","0","1000"
"N00033091","Murphy, Patrick (D-FL)","d","House","0","0","1000","22000","40900","63900"
"N00034120","Perry, Scott (R-PA)","r","House","0","0","1000","0","0","1000"
"N00034416","Pittenger, Robert (R-NC)","r","House","0","0","1000","0","0","1000"
"N00030962","Rigell, Scott (R-VA)","r","House","0","0","1000","1250","0","2250"
"N00033278","Tavaglione, John F (R-CA)","r","House","0","0","1000","0","0","1000"
"N00033539","Weber, Randy (R-TX)","r","House","0","0","1000","0","0","1000"
"N00029131","West, Allen (R-FL)","r","House","0","0","1000","0","0","1000"
"N00000716","Payne, Donald M (D-NJ)","d","House","0","0","700","0","0","700"
"N00029891","Connolly, Gerry (D-VA)","d","House","0","0","500","0","0","500"
"N00033378","Delong, Gary (R-CA)","r","House","0","0","500","0","0","500"
"N00029070","Himes, Jim (D-CT)","d","House","0","0","500","0","0","500"
"N00033424","Hirschbiel, Paul Odell Jr (D-VA)","d","House","0","0","500","0","0","500"
"N00027778","Kilroy, Mary Jo (D-OH)","d","House","0","0","500","0","0","500"
"N00034108","Healy-Abrams, Joyce (D-OH)","d","House","0","0","250","0","0","250"
"N00001127","Crowley, Joseph (D-NY)","d","House","0","0","0","1500","0","1500"
"N00006954","Miller, Gary (R-CA)","r","House","0","0","0","3499","0","3499"
"N00033486","Perry, Rick (R)","r","President","0","0","16000","0","0","16000"
"N00008333","Gingrich, Newt (R)","r","President","0","0","5000","0","0","5000"
"N00001380","Santorum, Rick (R)","r","President","0","0","2750","0","0","2750"
"N00033130","Pawlenty, Tim (R)","r","President","0","0","1000","0","0","1000"
"N00000699","Menendez, Robert (D-NJ)","d","Senate","0","0","34200","3500","1000","38700"
"N00033445","Dewhurst, David H (R-TX)","r","Senate","0","0","27000","0","0","27000"
"N00033174","Mandel, Josh (R-OH)","r","Senate","0","0","26472","1000","0","27472"
"N00006546","Wilson, Heather A (R-NM)","r","Senate","0","0","13500","0","0","13500"
"N00009957","Allen, George (R-VA)","r","Senate","0","0","12500","0","0","12500"
"N00006236","Barrasso, John A (R-WY)","r","Senate","0","0","12500","750","0","13250"
"N00029044","Bruning, Jon (R-NE)","r","Senate","0","0","12500","0","0","12500"
"N00033076","Haridopolos, Mike (R-FL)","r","Senate","0","0","11800","0","0","11800"
"N00033492","Warren, Elizabeth (D-MA)","d","Senate","0","0","10250","0","0","10250"
"N00013873","Boozman, John (R-AR)","r","Senate","0","0","9500","0","0","9500"
"N00003900","Mourdock, Richard E (R-IN)","r","Senate","0","0","8750","0","0","8750"
"N00004645","Rehberg, Denny (R-MT)","r","Senate","0","0","7500","0","0","7500"
"N00033717","Fitzgerald, Jeff (R-WI)","r","Senate","0","0","7000","0","0","7000"
"N00001764","Lugar, Richard G (R-IN)","r","Senate","0","0","7000","0","0","7000"
"N00033728","Thompson, Tommy G (R-WI)","r","Senate","0","0","7000","2500","0","9500"
"N00009677","Akin, Todd (R-MO)","r","Senate","0","0","5000","1000","0","6000"
"N00009926","Nelson, Bill (D-FL)","d","Senate","0","0","5000","0","0","5000"
"N00033707","Lingle, Linda (R-HI)","r","Senate","0","0","4000","0","0","4000"
"N00029617","Hagan, Kay R (D-NC)","d","Senate","0","0","2500","2500","0","5000"
"N00034218","Herrod, Chris (R-UT)","r","Senate","0","0","2500","0","0","2500"
"N00031304","Lemieux, George S (R-FL)","r","Senate","0","0","2500","0","0","2500"
"N00031165","McMahon, Linda (R-CT)","r","Senate","0","0","2500","0","0","2500"
"N00033026","Steelman, Sarah H (R-MO)","r","Senate","0","0","2400","0","0","2400"
"N00029835","Heinrich, Martin (D-NM)","d","Senate","0","0","1850","0","0","1850"
"N00033085","Cruz, Ted (R-TX)","r","Senate","0","0","1500","1000","1295","3795"
"N00033172","Balderas, Hector (D-NM)","d","Senate","0","0","250","0","0","250"
"N00028139","Hirono, Mazie K (D-HI)","d","Senate","0","0","250","0","0","250"
"N00031233","Barr, Andy (R-KY)","r","House","0","0","0","12800","1500","14300"
"N00029908","Garcia, Joe (D-FL)","d","House","0","0","0","12000","0","12000"
"N00025726","Cole, Tom (R-OK)","r","House","0","0","0","10400","0","10400"
"N00035716","Sink, Alex (D-FL)","d","House","0","0","0","9750","0","9750"
"N00036402","Celis, Pedro (R-WA)","r","House","0","0","0","9200","0","9200"
"N00002526","Barr, Bob (R-GA)","r","House","0","0","0","7200","2600","9800"
"N00035258","Limehouse, Chip (R-SC)","r","House","0","0","0","6500","0","6500"
"N00035407","Pridemore, Tricia (R-GA)","r","House","0","0","0","5600","0","5600"
"N00035346","Carter, Buddy (R-GA)","r","House","0","0","0","5325","0","5325"
"N00035328","Lindsey, Ed (R-GA)","r","House","0","0","0","5200","0","5200"
"N00034746","DeSantis, Ron (R-FL)","r","House","0","0","0","5000","2700","7700"
"N00012492","Grooms, Larry (R-SC)","r","House","0","0","0","5000","0","5000"
"N00030891","Stutzman, Marlin (R-IN)","r","House","0","0","0","5000","500","5500"
"N00005321","Terry, Lee (R-NE)","r","House","0","0","0","5000","0","5000"
"N00026914","Moore, Gwen (D-WI)","d","House","0","0","0","4500","13000","17500"
"N00031104","Hultgren, Randy (R-IL)","r","House","0","0","0","4250","0","4250"
"N00031253","Rothfus, Keith J (R-PA)","r","House","0","0","0","3499","0","3499"
"N00035717","Jolly, David (R-FL)","r","House","0","0","0","3000","0","3000"
"N00030676","Long, Billy (R-MO)","r","House","0","0","0","3000","0","3000"
"N00035925","Innis, Niger (R-NV)","r","House","0","0","0","2600","0","2600"
"N00035405","Schwarz, David (R-GA)","r","House","0","0","0","2600","0","2600"
"N00007017","Issa, Darrell (R-CA)","r","House","0","0","0","2500","3000","5500"
"N00033591","Peters, Scott (D-CA)","d","House","0","0","0","2500","0","2500"
"N00035972","Ratcliffe, John Lee (R-TX)","r","House","0","0","0","2500","2000","4500"
"N00035282","Smith, Jason (R-MO)","r","House","0","0","0","2500","0","2500"
"N00002713","Brown, Corrine (D-FL)","d","House","0","0","0","2000","10000","12000"
"N00035908","Crisco, Keith (D-NC)","d","House","0","0","0","2000","0","2000"
"N00031672","Farenthold, Blake (R-TX)","r","House","0","0","0","2000","0","2000"
"N00002424","Sanford, Mark (R-SC)","r","House","0","0","0","2000","1000","3000"
"N00035690","Demarco, Paul (R-AL)","r","House","0","0","0","1000","0","1000"
"N00028257","Ellison, Keith (D-MN)","d","House","0","0","0","1000","0","1000"
"N00035800","Garcia, Marilinda (R-NH)","r","House","0","0","0","1000","0","1000"
"N00035792","Hill, French (R-AR)","r","House","0","0","0","1000","2062","3062"
"N00035214","Hutchinson, Toi (D-IL)","d","House","0","0","0","1000","0","1000"
"N00035724","Kim, Donna Mercado (D-HI)","d","House","0","0","0","1000","0","1000"
"N00001148","McCarthy, Carolyn (D-NY)","d","House","0","0","0","1000","0","1000"
"N00006863","McClintock, Tom (R-CA)","r","House","0","0","0","1000","1500","2500"
"N00002198","Rahall, Nick (D-WV)","d","House","0","0","0","1000","0","1000"
"N00033983","Sinema, Kyrsten (D-AZ)","d","House","0","0","0","1000","21500","22500"
"N00027623","Smith, Adrian (R-NE)","r","House","0","0","0","1000","0","1000"
"N00006052","Thornberry, Mac (R-TX)","r","House","0","0","0","1000","0","1000"
"N00033839","Veasey, Marc (D-TX)","d","House","0","0","0","1000","0","1000"
"N00034349","Vela, Filemon (D-TX)","d","House","0","0","0","1000","0","1000"
"N00003467","Whitfield, Ed (R-KY)","r","House","0","0","0","1000","0","1000"
"N00002408","Clyburn, James E (D-SC)","d","House","0","0","0","500","0","500"
"N00030693","DelBene, Suzan (D-WA)","d","House","0","0","0","500","0","500"
"N00001555","Margolies, Marjorie (D-PA)","d","House","0","0","0","500","0","500"
"N00035247","Patrick, Andy (R-SC)","r","House","0","0","0","500","0","500"
"N00032169","Tobin, Andy (R-AZ)","r","House","0","0","0","300","0","300"
"N00033399","Holding, George (R-NC)","r","House","0","0","0","250","0","250"
"N00035884","Kultala, Kelly (D-KS)","d","House","0","0","0","250","0","250"
"N00035616","Zinke, Ryan K (R-MT)","r","House","0","0","0","250","0","250"
"N00033897","Delaney, John K (D-MD)","d","House","0","0","0","0","0","0"
"N00002656","Kingston, Jack (R-GA)","r","Senate","0","0","0","16100","0","16100"
"N00033363","Cotton, Tom (R-AR)","r","Senate","0","0","0","12500","1000","13500"
"N00028138","Schatz, Brian (D-HI)","d","Senate","0","0","0","9700","0","9700"
"N00035516","Perdue, David (R-GA)","r","Senate","0","0","0","6700","0","6700"
"N00035492","Tillis, Thom (R-NC)","r","Senate","0","0","0","3850","0","3850"
"N00035477","Handel, Karen (R-GA)","r","Senate","0","0","0","3600","0","3600"
"N00036205","Shannon, T W (R-OK)","r","Senate","0","0","0","3600","0","3600"
"N00033054","Daines, Steven (R-MT)","r","Senate","0","0","0","3500","0","3500"
"N00033443","Fischer, Deb (R-NE)","r","Senate","0","0","0","2500","0","2500"
"N00003062","Sessions, Jeff (R-AL)","r","Senate","0","0","0","2500","0","2500"
"N00030836","Paul, Rand (R-KY)","r","Senate","0","0","0","2000","0","2000"
"N00033782","Heitkamp, Heidi (D-ND)","d","Senate","0","0","0","1500","0","1500"
"N00035489","McFadden, Mike (R-MN)","r","Senate","0","0","0","1500","0","1500"
"N00032546","Johnson, Ron (R-WI)","r","Senate","0","0","0","1000","1000","2000"
"N00035187","Rounds, Mike (R-SD)","r","Senate","0","0","0","1000","0","1000"
"N00035481","Whitaker, Matt (R-IA)","r","Senate","0","0","0","1000","0","1000"
"N00012739","Crenshaw, Ander  (R-FL)","r","House","0","0","0","0","22900","22900"
"N00034584","Poliquin, Bruce (R-ME)","r","House","0","0","0","0","11249","11249"
"N00035688","Graham, Gwen (D-FL)","d","House","0","0","0","0","7700","7700"
"N00038407","Gowan, David (R-AZ)","r","House","0","0","0","0","5400","5400"
"N00029018","Rooney, Tom (R-FL)","r","House","0","0","0","0","4000","4000"
"N00033277","Hall, Isadore (D-CA)","d","House","0","0","0","0","3500","3500"
"N00038399","Thompson, Geraldine (D-FL)","d","House","0","0","0","0","2700","2700"
"N00036990","Adams, Boyce (R-MS)","r","House","0","0","0","0","2000","2000"
"N00037260","Correa, Lou (D-CA)","d","House","0","0","0","0","2000","2000"
"N00035440","Emmer, Tom (R-MN)","r","House","0","0","0","0","2000","2000"
"N00004558","Peterson, Collin (D-MN)","d","House","0","0","0","0","2000","2000"
"N00037422","Soto, Darren (D-FL)","d","House","0","0","0","0","2000","2000"
"N00037426","Zoeller, Gregory (R-IN)","r","House","0","0","0","0","2000","2000"
"N00033987","LaMalfa, Doug (R-CA)","r","House","0","0","0","0","1500","1500"
"N00012546","Messer, Luke (R-IN)","r","House","0","0","0","0","1500","1500"
"N00031741","Rokita, Todd (R-IN)","r","House","0","0","0","0","1500","1500"
"N00029404","Zeldin, Lee (R-NY)","r","House","0","0","0","0","1500","1500"
"N00025292","Bishop, Rob (R-UT)","r","House","0","0","0","0","1000","1000"
"N00035403","Curbelo, Carlos (R-FL)","r","House","0","0","0","0","1000","1000"
"N00037288","Faso, John (R-NY)","r","House","0","0","0","0","1000","1000"
"N00038421","Grabelle, Justin (R-FL)","r","House","0","0","0","0","1000","1000"
"N00039152","Kelsey, Brian (R-TN)","r","House","0","0","0","0","1000","1000"
"N00007690","Walden, Greg (R-OR)","r","House","0","0","0","0","1000","1000"
"N00037028","Cullerton, Tom (D-IL)","d","House","0","0","0","0","667","667"
"N00037006","Bush, Jeb (R)","r","President","0","0","0","0","21400","21400"
"N00009778","Kasich, John (R)","r","President","0","0","0","0","2700","2700"
"N00031348","Fiorina, Carly (R)","r","President","0","0","0","0","1500","1500"
"N00000528","Sanders, Bernie (D)","d","President","0","0","0","0","304","304"
"N00035544","Sasse, Ben (R-NE)","r","Senate","0","0","0","0","8500","8500"
"N00037400","Zopp, Andrea (D-IL)","d","Senate","0","0","0","0","250","250"
"houNode","House","o","","100000","100000","100000","100000","100000","100000"
"senNode","Senate","o","","100000","100000","100000","100000","100000","100000"
"preNode","President","o","","100000","100000","100000","100000","100000","100000"
"othnode","Delegate","o","","100000","100000","100000","100000","100000","100000"
"repNode","Republican Party","p","","100000","100000","100000","100000","100000","100000"
"demNode","Democratic Party","p","","100000","100000","100000","100000","100000","100000"
"indNode","Independents","p","","100000","100000","100000","100000","100000","100000"
